Tweet,Reply
"mzee Raila looks feeble and fragile he looks longing to reach home and rest, will make it to august 9th? "," Those supporting him are crossing their fingers that i just crosses August, there after; they wish he can go to hell"
"we are not sure but certainly he will deal with covid thieves including you, which is why your stomach is full of bâ€¦ ", *be
"we are not sure but certainly he will deal with covid thieves including you, which is why your stomach is full of bâ€¦ ", A beneficiary of kemsa theft is here pretending to angel maria ğŸ˜‚ğŸ˜‚ğŸ˜‚ğŸ˜‚hizo pesa mtazitabika hivi karibuni
YOU he could not transport even watu wa kibra? , Ndio wanarudiğŸ¤£ 
matiangi tell us  how to get tokens from kplc   we have bought  and no body is responding from customer care or elsâ€¦ , Manzeee hawaleti
you think ALICE  is your mothers age mate sometimes you have run short of ideas untill you now vomitting helter - sâ€¦ , You mean Alice Wahome is younger than you?
you think ALICE  is your mothers age mate sometimes you have run short of ideas untill you now vomitting helter - sâ€¦ , ğŸ¤£ğŸ¤£ğŸ¤£ğŸ¤£ğŸ¤£ğŸ¤£ğŸ¤£ğŸ¤£ğŸ¤£
21 days notice by uhuru to deal with covid thieves including you. , 
THIS man is born  funny he will never accept anything he will even refuse to die when his times comes. , I will not surprised.
  Ni doktari kutoka beringo ya keti,  Mwanivunja mbavu jamaniğŸ¤£
 Kalale ndugu, Utawezana
  Natemebeya Pole sana transnzoia iko locked na ,    Iko locked to  #TeamFresh #kijanaaatatusort
        ,         Kabisa
        ,          Na wale wanategemea rigging pekee?...
        ,         Hapa WhatsApp group ni add add tupuğŸ¤£
         ,           Jumping the queue has consequences ... Kitheka has never even tweeted baba agenda... Only solar selling...  should change the invite for someone useful..ğŸ˜…
         ,           Akutane na MCA kwanza ama KananuğŸ˜…
 isia buloo waku...niwathandanua flat , ğŸ˜‚ğŸ˜‚ğŸ˜‚
  Tutamrudishia akiwa miyumbe,   What?...
GOOD NTE FELLOW HUSTLERS....KESHO NI SIKU , Mpesa imeingia usisimue bottom up
  Learn how to run your house such matters are beyond your scope;respectfully ğŸ˜ğŸ˜ğŸ˜,   Ongeza polume broh
    Tinga would be the greatest beneficiary of the deductioâ€¦ ,    you need to attend a political class. If Ruto supported Raila do you think Kalonzo angekuwa kwa NASA?
    You never voted for him na mlimuita mtoto wa mbwa so what makes you defend him!?,     Didi u see his vote utaacha ujinga mkale hii
    You never voted for him na mlimuita mtoto wa mbwa so what makes you defend him!?,    Now we want to vote
  Learn how to run your house such matters are beyond your scope;respectfully ğŸ˜ğŸ˜ğŸ˜,  No problem sir
  We're not in court Doktari ğŸ˜…ğŸ˜…ğŸ˜…Don't waste your lies here!!,"  Because you want to make a meaning out of this brief life, I advise you not to be quick to hijack any ongoing conversation because you have some internet data and functional keyboard to type on your handset. I work in Turkana and I know what am talking about."
 As you post your impeccable beauty make sure you outline a beautiful objective also for the bettermâ€¦ , Thank you for saying nothing.
 You people had nothing to do with the formation of the current government you're just freeloadersâ€¦ , Muliiba kura tukaiba Rais. Who is laughing now?
That ended up in  's !!It will guarantee him another 5 years of intense drinking before he runs banâ€¦ ,"  Hahahaa, they will find a way to fix Ruto in this."
The only recognizable project is the Raila Project!! , Benjamin please buy me lunch today
 Don't talk about me ğŸ˜‚ğŸ˜‚ğŸ˜‚,"  Hello friend,  don't site back without trying this FOREX or BINARY TRADE,  you can stand a chance of earning 3 to 4 times double your capital in just a season of investing in the crypto market.. ask questions, i will spare some time to put you through... hit my DM if Interested"
  Huyu inakaa ako in the future ğŸ˜‚ğŸ˜‚ğŸ˜‚ğŸ˜‚,  ğŸ˜‚ğŸ˜‚ğŸ˜‚
 , Yeeeeee
 Preach sister preach, ğŸ˜ŠğŸ˜ŠğŸ˜ŠğŸ˜ŠğŸ˜ŠğŸ˜Š
 Kwani raila is the reason behind thatğŸ˜‚ğŸ˜‚ğŸ˜‚ğŸ˜‚ğŸ˜‚,  ğŸ˜‚ğŸ˜‚ğŸ˜‚ğŸ˜‚
 , ğŸ˜ŒğŸ˜Œ
 , ğŸ¤£ğŸ¤£ğŸ¤£ğŸ¤£ğŸ¤£ğŸ¤£ğŸ¤£ğŸ¤£
 , ğŸ˜‚ğŸ˜‚
  ,  
 They (enemies) just can't reach us cause the power of prayer is actually very strong, True
 He only fail in burundi and rwandağŸ˜‚ğŸ˜‚ğŸ˜‚ğŸ˜‚, Sijui alikuwa South Africa bado Egypt
 ğŸ˜‚ğŸ˜‚ğŸ˜‚ameshaexplore uganda kenya sasa amerudi Tz tenağŸ˜‚ğŸ˜‚ğŸ˜‚, ğŸ¤£ğŸ¤£ğŸ¤£ğŸ¤£ğŸ¤£ğŸ¤£ğŸ¤£ğŸ¤£ğŸ¤£
 ,  Follow back
  Inaitwa round aah swing kick alaaa! ğŸ˜‚ğŸ˜‚ğŸ¤Œ,  Nipe kura on my pinned tweet ğŸ”¥ğŸ‘Œ
  Hii ni food ya richkids jamaağŸ˜‚ğŸ˜‚,  Sawa  ğŸ˜‚ğŸ˜‚ğŸ˜‚ğŸ’”
  :si unipeeThe piece of shit: , ğŸ˜‚ğŸ˜‚ğŸ˜‚
 Wacha bwanaaaağŸ˜‚ğŸ˜‚ğŸ˜‚, ğŸ˜‚ğŸ˜‚
Uyu comrade aliiba waiting chairsğŸ˜‚ğŸ˜‚ğŸ˜‚ğŸ¤Œ , ğŸ˜‚ğŸ˜‚
  ğŸ˜‚ğŸ˜‚ğŸ˜‚ğŸ˜‚ğŸ™Œ,  ğŸ˜‚ğŸ˜‚
Don't make her come if you can't make her cumğŸ’¯, Hah
 Sasa watu hawaezi fanana na amaniğŸ˜‚ğŸ˜‚ğŸ˜‚, Wewe tuliağŸ¤£ğŸ¤£ğŸ¤£
" Vic has done the thing, ğŸ˜‚ğŸ˜‚ğŸ˜‚ğŸ˜‚ğŸ’”", Exactly what is required ğŸ˜‚ğŸ˜‚ğŸ’€
 , Relax
 State Project.A continuation of Uhuru's failed policies.Entrenching and expanding Dynasties.,  Ruto says he is better placed to continue with the jubilee project's because they started them with Uhuru. So Ruto is whose PROJECT? Wacha kusumbua watu go elect your Barnabas on 9/8. Sisi tuko na BABA.
 True.RAO will protect and defend the Old Order.Ata fuata Nyayo za Uhuru.,"  And ruto will start stealing spree, whats the difference, we better retain the latter than employ new thieves."
 Nominate a Black Woman.,  Why not an Indian woman? Something against other qualified women?
 ...opting to continue with extraction (land grab;raiding Ministry accs;etc) and growing rich togetherâ€¦ , Get your facts right. Kenyatta was elected and so was his son. Even int the US presidents and sons have ruled. Well they may not be poor but that does not make them dynasties. They have earned their money. Just as you have earned yours.
 DeePee was right.Uhuru is Dynasty.Kenyatta Clan see themselves as Dynasty., In what sense is he?
  Exactly.Meddling in our elections by the Elite is causing problems and feeding into insâ€¦ ,  Let them meddle and pay back what they have meddled from himğŸ˜‚ğŸ˜‚
 Because they are.Elections r not abt the President or his power apparatus.Elections r abt The People.,  The last election which was about the people was in 2002
"  Read up on yr history.Land grabbing is the Original Sin.It disrupted social grps,forciâ€¦ ",  No doubt but the crashes in R. V were about elections and not land. Was any land dispute solved?
  Land clashes speak to a deeper land problem.That started with Wazungu Land grabbers.Thâ€¦ ,  Which one single woman or common mwananchi is known to have grabbed land? Kiambaa burnt women and children.
 Exactly!The Mountain is plagued by Bigotry and Chauvanism.Its toxic.That is why we support DeePeeâ€¦ ,"  Kiambaa 2007,  Molo 1988, 1992, 1997, We know the toxic and murderous but we don't say."
 They dont read the 2010Const., Exactly.  This is illegal.
 Where is yours ğŸ¤£ğŸ˜‚, Tinkumanya ğŸ˜œ
 ğŸ¤£ ğŸ¤£ Haha, Eeeh ğŸ˜…
 Finally ğŸ˜‚ğŸ¤£, YesğŸ˜‚ğŸ˜‚
 You ğŸ˜„, ğŸ˜‚
 Dare, I dare you to use your picture as your avi
 Na mimi ğŸ˜„, Na ww ğŸ˜’
 Things are changing ğŸ’¯, Very first.
    Nimerundi hadi tufikishe ruto state house ğŸ˜‚  sindio?,    KabisaaaağŸ‘ŠğŸ‘ŠğŸ‘ŠğŸ‘Š
  How? ğŸ¤£,  ğŸ˜‚ğŸ˜‚ğŸ˜‚ yes
    Nimerundi hadi tufikishe ruto state house ğŸ˜‚  sindio?,    Karibu
     alinifukuza ğŸ¤£ğŸ˜‚,      ulimfukuza?ğŸ¤£ğŸ¤£ğŸ¤£ğŸ™„
Mmmmh!!.Ngirichi Salivating to Catch DP'S eye..ğŸ˜…ğŸ˜… , Haiya
Mmmmh!!.Ngirichi Salivating to Catch DP'S eye..ğŸ˜…ğŸ˜… , ğŸ¤£ğŸ¤£ğŸ¤£
 Imagine even he didn't Blink when ropoka ropokaring...â˜¹," Whenever violence occurs, we must put them in the Frontline. When the followers are teargassed and clobbered senseless, these things' children are studying abroad. With the taxpayers money!"
ODM for you..ğŸ¤—ğŸ¤— , Tragedy is when a brainless has a loose tongue.
 ğŸ˜´ğŸ˜´ğŸ˜´.l.. , ğŸ˜³ğŸ˜³ğŸ˜³ğŸ˜³
" Ayekhaa,.Hawa Watatumalisa Kapisa..Kucha twende Canaan. ğŸ˜…ğŸ˜…", ğŸ¤£ğŸƒğŸ¿â€â™‚ï¸ğŸƒğŸ¿â€â™‚ï¸
ODM for you..ğŸ¤—ğŸ¤— , ğŸ˜†ğŸ¤£ğŸ¤£ğŸ¦
Ihura Stadium was Empty....i had SABINA Chege and Peter Keneth Pleading to Wananchi outside the stadium to Come insâ€¦ ," If it was empty, why was ruto soo anxious and couldn't concentrate on his campaigns.. "
Ihura Stadium was Empty....i had SABINA Chege and Peter Keneth Pleading to Wananchi outside the stadium to Come insâ€¦ , Raila only needs 20% of Mt Kenya votes..the rest ruto can get if lucky but ruto won't win the elections...
Ihura Stadium was Empty....i had SABINA Chege and Peter Keneth Pleading to Wananchi outside the stadium to Come insâ€¦ , We understand  a front view and a back view.Can not be fooled.Ihura stadium was attended  to capacity.Azimio is sailing through.
Ihura Stadium was Empty....i had SABINA Chege and Peter Keneth Pleading to Wananchi outside the stadium to Come insâ€¦ ," #REJECT_RUTOWe cant allow a renown land grabber, Taxpayers funds looter to be our CEO.Arror and Kimwarer is rotting in cold water."
The person who advised Azimio to postpone their Murang'a rally from Wednesday to Saturday when William Ruto will beâ€¦ , 
When you hear the song Sipangwingwi just know team Hustler Nation is around. Yesterday  alikuwa mtaa Campâ€¦ ,  Mshapangwa na trio and you think hutapangwa
The person who advised Azimio to postpone their Murang'a rally from Wednesday to Saturday when William Ruto will beâ€¦ ," Boss you are sleeping POLITICALLY RAILA only needs 30% of CENTRAL ,HE  is doing above evarage. YOUR BARNABAS will cry kwa choo"
The person who advised Azimio to postpone their Murang'a rally from Wednesday to Saturday when William Ruto will beâ€¦ , Flexing who has more poor people.
When you hear the song Sipangwingwi just know team Hustler Nation is around. Yesterday  alikuwa mtaa Campâ€¦ ,  Ground ni noma everyone have to be creative when  approaching wanaichi
The person who advised Azimio to postpone their Murang'a rally from Wednesday to Saturday when William Ruto will beâ€¦ , No problem....UDA is not a team who can change kenya....we need azimio la umoja....we are ready to support raila odinga
When you hear the song Sipangwingwi just know team Hustler Nation is around. Yesterday  alikuwa mtaa Campâ€¦ ,  He will join us soon. He knows that very well.
Kalonzo and his team (OKA in General) want to force a run off.I've heard 3 Wiper Mps Shamelessly say that.Too bad fâ€¦ ," Their 5% cannot creat a room for run off, they better join the winning alliance, Kenya Kwanza."
  ğŸ¶ğŸ¶ Uliingia na Sipangwingwi..... Yesterday uliwezaa Sanaa.,   You people are pretending that you have not seen the colors Kalonzo is using in his campaignsFace with tears of joy. That man was bewitched to support Raila till eternity. Mudavadi today revealed that the two OKA were Raila spies trying to convince him to join Azimio
Kalonzo and his team (OKA in General) want to force a run off.I've heard 3 Wiper Mps Shamelessly say that.Too bad fâ€¦ , Kuria/moi/salatKuria is pushing for Karua to deputyKarua now in OkaKuria calling himself .it will be a runoffThey are just sticking to their plan maybe 
Kalonzo and his team (OKA in General) want to force a run off.I've heard 3 Wiper Mps Shamelessly say that.Too bad fâ€¦ , Ruto cannever &amp; will never win an election. We are here to stay. The main has campaigned since 2018 &amp; has not achieved anything. He only follows Raila behind where he goes
The person who advised Azimio to postpone their Murang'a rally from Wednesday to Saturday when William Ruto will beâ€¦ , 
When you hear the song Sipangwingwi just know team Hustler Nation is around. Yesterday  alikuwa mtaa Campâ€¦ ,  Mshapangwa na trio and you think hutapangwa
The person who advised Azimio to postpone their Murang'a rally from Wednesday to Saturday when William Ruto will beâ€¦ ," Boss you are sleeping POLITICALLY RAILA only needs 30% of CENTRAL ,HE  is doing above evarage. YOUR BARNABAS will cry kwa choo"
The person who advised Azimio to postpone their Murang'a rally from Wednesday to Saturday when William Ruto will beâ€¦ , Flexing who has more poor people.
When you hear the song Sipangwingwi just know team Hustler Nation is around. Yesterday  alikuwa mtaa Campâ€¦ ,  Ground ni noma everyone have to be creative when  approaching wanaichi
The person who advised Azimio to postpone their Murang'a rally from Wednesday to Saturday when William Ruto will beâ€¦ , No problem....UDA is not a team who can change kenya....we need azimio la umoja....we are ready to support raila odinga
When you hear the song Sipangwingwi just know team Hustler Nation is around. Yesterday  alikuwa mtaa Campâ€¦ ,  He will join us soon. He knows that very well.
Kalonzo and his team (OKA in General) want to force a run off.I've heard 3 Wiper Mps Shamelessly say that.Too bad fâ€¦ ," Their 5% cannot creat a room for run off, they better join the winning alliance, Kenya Kwanza."
  ğŸ¶ğŸ¶ Uliingia na Sipangwingwi..... Yesterday uliwezaa Sanaa.,   You people are pretending that you have not seen the colors Kalonzo is using in his campaignsFace with tears of joy. That man was bewitched to support Raila till eternity. Mudavadi today revealed that the two OKA were Raila spies trying to convince him to join Azimio
Kalonzo and his team (OKA in General) want to force a run off.I've heard 3 Wiper Mps Shamelessly say that.Too bad fâ€¦ , Kuria/moi/salatKuria is pushing for Karua to deputyKarua now in OkaKuria calling himself .it will be a runoffThey are just sticking to their plan maybe 
Kalonzo and his team (OKA in General) want to force a run off.I've heard 3 Wiper Mps Shamelessly say that.Too bad fâ€¦ , Ruto cannever &amp; will never win an election. We are here to stay. The main has campaigned since 2018 &amp; has not achieved anything. He only follows Raila behind where he goes
"""Truth be said, we are losing it in hustler nation. Yesterday I was in Kirinyaga and things were not good. The stadâ€¦ ", Sometimes ndoto na premonitions manifest to the odd prophet.
"""Truth be said, we are losing it in hustler nation. Yesterday I was in Kirinyaga and things were not good. The stadâ€¦ ", Mganga anasemaje?
Dr Ruto telling Uhuru that people rejected the project in 2002 ğŸ˜‚ğŸ˜‚. Who was the project in 2002? The project was Uhuâ€¦ ,"   Now very clear that he has come out with a big fight with his boss,why can't he resign n do politics,"
If  is a STATE project then  is a STALE project!!!!!,   Hahaha got them
"""Truth be said, we are losing it in hustler nation. Yesterday I was in Kirinyaga and things were not good. The stadâ€¦ ", Dr Ongwesa or Äoktari Ongwesa...hahaha
"""Truth be said, we are losing it in hustler nation. Yesterday I was in Kirinyaga and things were not good. The stadâ€¦ ", Toka hapa na hii upuzi unaandika.
"""Truth be said, we are losing it in hustler nation. Yesterday I was in Kirinyaga and things were not good. The stadâ€¦ "," Hawa watu wa Azimio la Kuzimu,do they understand the meaning of the word'FAKE', Stop celebrating."
"""Truth be said, we are losing it in hustler nation. Yesterday I was in Kirinyaga and things were not good. The stadâ€¦ ", FAKE FAKE kama Project
"""Truth be said, we are losing it in hustler nation. Yesterday I was in Kirinyaga and things were not good. The stadâ€¦ ", Punguza bangi
"""Truth be said, we are losing it in hustler nation. Yesterday I was in Kirinyaga and things were not good. The stadâ€¦ ", Habari ndiyo hiyo. So Alibaba did not consult other senior hustlers about Mama Mboga aka  &amp;  aka bodaboda .  It was all about him as usual.  Dictatorship galore.
"""Truth be said, we are losing it in hustler nation. Yesterday I was in Kirinyaga and things were not good. The stadâ€¦ ", Mh umesema Ukweli na msema kweli ni mpenzi wa Mungu.acha wale wanaosema uongo na kutengeneza picha za uongo ila penye uongo ukweli ujitenga
"""Truth be said, we are losing it in hustler nation. Yesterday I was in Kirinyaga and things were not good. The stadâ€¦ ", Sometimes ndoto na premonitions manifest to the odd prophet.
"""Truth be said, we are losing it in hustler nation. Yesterday I was in Kirinyaga and things were not good. The stadâ€¦ ", Mganga anasemaje?
Dr Ruto telling Uhuru that people rejected the project in 2002 ğŸ˜‚ğŸ˜‚. Who was the project in 2002? The project was Uhuâ€¦ ,"   Now very clear that he has come out with a big fight with his boss,why can't he resign n do politics,"
If  is a STATE project then  is a STALE project!!!!!,   Hahaha got them
"""Truth be said, we are losing it in hustler nation. Yesterday I was in Kirinyaga and things were not good. The stadâ€¦ ", Dr Ongwesa or Äoktari Ongwesa...hahaha
"""Truth be said, we are losing it in hustler nation. Yesterday I was in Kirinyaga and things were not good. The stadâ€¦ ", Toka hapa na hii upuzi unaandika.
"""Truth be said, we are losing it in hustler nation. Yesterday I was in Kirinyaga and things were not good. The stadâ€¦ "," Hawa watu wa Azimio la Kuzimu,do they understand the meaning of the word'FAKE', Stop celebrating."
"""Truth be said, we are losing it in hustler nation. Yesterday I was in Kirinyaga and things were not good. The stadâ€¦ ", FAKE FAKE kama Project
"""Truth be said, we are losing it in hustler nation. Yesterday I was in Kirinyaga and things were not good. The stadâ€¦ ", Punguza bangi
"""Truth be said, we are losing it in hustler nation. Yesterday I was in Kirinyaga and things were not good. The stadâ€¦ ", Habari ndiyo hiyo. So Alibaba did not consult other senior hustlers about Mama Mboga aka  &amp;  aka bodaboda .  It was all about him as usual.  Dictatorship galore.
"""Truth be said, we are losing it in hustler nation. Yesterday I was in Kirinyaga and things were not good. The stadâ€¦ ", Mh umesema Ukweli na msema kweli ni mpenzi wa Mungu.acha wale wanaosema uongo na kutengeneza picha za uongo ila penye uongo ukweli ujitenga
Read my latest post   ,   ğŸ’¯
 Ni kwenu kinuthia ğŸ˜‚ğŸ˜‚ğŸ˜‚, Uzuri unajua wewe ni mshenzi
 Ni kwenu kinuthia ğŸ˜‚ğŸ˜‚ğŸ˜‚,  ğŸ˜‚ğŸ˜‚ğŸ˜‚ğŸ˜‚
  Hakuna stima,  stima ama watu ğŸ˜’
Read my latest post   ,   ğŸ”¥ğŸ”¥ğŸ”¥
Tag the owner of this selfieğŸ‘‡ ,"        ğŸ˜‚ğŸ˜‚ğŸ˜‚""ahaaaaaaa...trio Minyoo"""
Tag the owner of this selfieğŸ‘‡ ,        Keep cause gey
  Unalepeleka dem swimming unabaki kushikilia chumağŸ˜‚ğŸ˜‚,  ğŸ˜‚ğŸ˜‚
  Sasa unataka kulia kwa niniğŸ˜‚ğŸ˜‚,  Yoh mimi sinyeshi so sijui unanichapia ufala gani
 No ya madem si ya yes kwa kila mtuğŸ˜‚ğŸ˜‚ watu kama wewe no ni NOğŸ˜‚, Shindwe pepo mbaya ğŸ˜‚ğŸ˜‚
  Sasa mbona hauko funny ğŸ˜¢,  Haikua lazima ubonge nkt ğŸ˜‘
" Hehehe,lets dance a little bit. ",  ğŸ¤£ğŸ¤£ğŸ¤£ğŸ¤£ğŸ¤£ğŸ¤£
         ,          Eeh
 Even sponsorship, very true
 YaayksğŸ¤®ğŸ¤®ğŸ¤®there are like a billion single women,  What does that have to do with him being gay
Huyu nampatia kura mpaka roho yangu yote ğŸ˜‚#Bomas #UDA , ğŸ’š
, BK vs Popeye
 ğŸ˜‚ğŸ˜‚ğŸ˜‚ğŸ˜‚, ğŸ˜‚ğŸ˜‚
  ğŸ˜‚ğŸ˜‚ğŸ˜‚,  ğŸ˜‚ğŸ˜‚
  ğŸ˜‚ğŸ˜‚ğŸ˜‚i understand,  ğŸ‘
  ğŸ˜‚ğŸ˜‚ğŸ˜‚ğŸ˜‚,  ğŸ˜‚ğŸ˜‚
 ğŸ˜‚ğŸ˜‚ğŸ˜‚tuhotspot, Yeap
 ğŸ˜‚ğŸ˜‚ğŸ˜‚yani mi nilipe milion kumi na nne unaota, ğŸ˜‚ğŸ˜‚ğŸ˜‚mbiooo
 jobless mimi natapeliwa niniğŸ˜‚ğŸ˜‚ğŸ˜‚, Kidogo ulichonachoğŸ˜‚
 ,  Fb
" ğŸ˜†ğŸ˜†ğŸ˜†ğŸ˜†pesa zangu nawekeza kwa watu wakubwa kama loanboard,na CRDB", Wanakutapeli hao hujui tuğŸ˜‚ğŸ˜‚ğŸ˜‚
 ğŸ˜‚ğŸ˜‚ğŸ˜‚ğŸ˜‚hauna hela mbwa ww, Kama wewe tu ng'ombe wwğŸ˜‚ğŸ˜‚
 ğŸ˜‚ğŸ˜‚ğŸ˜‚ğŸ˜‚, ğŸ˜‚ğŸ˜‚ğŸ˜‚ğŸ™ŒğŸ™ŒğŸ™Œ
 We're proud of who you are becoming,  
" RAILA supporters take bullets for him,tear gas,High velocity steam of water used by water canons,they resiâ€¦ ",  True Only that they are fewer..
  That's how you reason when you're represented by elected dunderheads ğŸ˜‚ğŸ˜‚,  Says the doyen of mutt
" RAILA supporters take bullets for him,tear gas,High velocity steam of water used by water canons,they resiâ€¦ ","  Correct,  I can only attend Ruto's rally for money huhuuu"
" RUTO's system of politics nowadays has such a pattern,Attackack UHURUthen go to kiambu to test the deâ€¦ ","  Nyanza naye haezi leta ujinga kama hio, attacking Raila in nyanza is risking your own safety"
  He forgot you not us,   Ulipewa a share of Canaan?
" RAILA supporters take bullets for him,tear gas,High velocity steam of water used by water canons,they resiâ€¦ ",  Cows
" RAILA supporters take bullets for him,tear gas,High velocity steam of water used by water canons,they resiâ€¦ ",  Kua mjinga sio kusema uko rayol
" RAILA supporters take bullets for him,tear gas,High velocity steam of water used by water canons,they resiâ€¦ ",  And then.... Then boom... Handshake
" That's a clear indication that his support has started dwindling there, not cemented the way he usedâ€¦ ",  Difference between marketing and sales and the ever elusive PR.
   What's your point? Did UHURU and RAILA BBI on you at gun point?,   They placed 20 TONNES bomb ğŸ’£ on all of us. If you don't support you're fired or branded a thieve. It was more than INTERNATIONAL TERRORISM
      Hii ni chapati ya Unga ya mahindi ama ni butt,      ButtğŸ˜ğŸ¤£
 Kula Pilipili raw ikukumbushe, Alaaa ğŸ˜‚
  If he's naturally black n tall maturize,  ğŸ˜‚ ğŸ˜‚ ğŸ˜‚
 Who is virgin u ama the mother ov jesusğŸ¤­ğŸ˜‚, Venye tu umeelewağŸ˜‚
  She unpinned herself ğŸ¥º,  ğŸ˜‚ğŸ˜‚ğŸ˜‚
 Greatness tupu, ğŸ’¯ğŸ˜‹âœ…
 Her bra is just catching Faith ğŸ¤£, ğŸ˜
  Ndio hii number yangu 0746896427Weka na ya kutoa piağŸ˜‚,   Acha ufala chwani ndio unaomba tweeter surely
 Build for your boob pillars coz they felt ğŸ˜‚,  ğŸ˜‚ğŸª“
  Pelekea mwalimu wa composition asahishe,  ğŸ’”ğŸ˜–
  Ww utadate ata nyani bora awe na hela,  No
 Pasua masahani za wageniğŸ˜‚,  Ama utumie vikombe za wageni kunywa chai
 Mm hapa, Fb
 Ex wako amejileta tena ğŸ˜‚, Banaaa ğŸ˜‚
I don't have a job because #AzimioFraudsters looted millions meant for Kazi Kwa Vijana. August 9th is the judgementâ€¦ , ğŸ¤£ğŸ¤£ğŸ¤£ğŸ¤£... Y'all trying so hard
"A government that rejects youthful leadership while appraising fossils like Moody Awori, Kembi Gitura, Noah Wekesaâ€¦ ","  A New NGO has opened up and it's really Dominating the Country.BYL Organization is Looking for individuals who are in need of an extra income by Working Online  and earn between 4800-9600ksh Daily.For more info kindly Whatsapp us via 0731352997 with the word ""OPPORTUNITY 2022""."
Kenyas Economy is in a FRAGILE state and rewuires an economic szar like Mudavadi to formulate policies that will reâ€¦ ,"  A New NGO has opened up and it's really Dominating the Country.BYL Organization is Looking for individuals who are in need of an extra income by Working Online  and earn between 4800-9600ksh Daily.For more info kindly Whatsapp us via 0731352997 with the word ""OPPORTUNITY 2022""."
Azimio of Looters tried to BRIBE Senator Malala with 20m to change Political posts but he remained adamant. #HaslaNaMDVD,"  A New NGO has opened up and it's really Dominating the Country.BYL Organization is Looking for individuals who are in need of an extra income by Working Online  and earn between 4800-9600ksh Daily.For more info kindly Whatsapp us via 0731352997 with the word ""OPPORTUNITY 2022""."
"The bit is high, the love is good, the earthquake is scattering and gathering them simultaneously. Economic Liberatâ€¦ "," A New NGO has opened up and it's really Dominating the Country.BYL Organization is Looking for individuals who are in need of an extra income by Working Online  and earn between 4800-9600ksh Daily.For more info kindly Whatsapp us via 0791423405 with the word ""OPPORTUNITY 2022""."
Mudavadi is the REVITALIZED game changer in Kenya Kwanza coalition. #HaslaNaMDVD ," A New NGO has opened up and it's really Dominating the Country.BYL Organization is Looking for individuals who are in need of an extra income by Working Online  and earn between 4800-9600ksh Daily.For more info kindly Whatsapp us via 0791423405 with the word ""OPPORTUNITY 2022""."
Kenya Kwanza simply translates to a United country with UCHUMI BORA Pesa Mfokoni amongst it's netizens.#HaslaNaMDVD ," A New NGO has opened up and it's really Dominating the Country.BYL Organization is Looking for individuals who are in need of an extra income by Working Online  and earn between 4800-9600ksh Daily.For more info kindly Whatsapp us via 0791423405 with the word ""OPPORTUNITY 2022""."
"For Real Economic change and prosperous Kenya devoid of ethnicity nor tribe, shade your self in Kenya kwanza coalitâ€¦ "," A New NGO has opened up and it's really Dominating the Country.BYL Organization is Looking for individuals who are in need of an extra income by Working Online  and earn between 4800-9600ksh Daily.For more info kindly Whatsapp us via 0791423405 with the word ""OPPORTUNITY 2022""."
"Under Kenya Kwanza our agenda is winning Elections in ROUND ONE, Run OFF is not near our agenda! 9th August is theâ€¦ ", You will lose it in round one. Mark the tweet.
"Choices have consequences! Don't elect vagabonds, fossils or recycle OLD wine into new bottles! #HaslaNaMDVD", Utado? Is your MaDVD a new thing???
#AzimioOfLooters are planning to loot Kenyans through the new NHIF mandatory scheme! Reject!, Upungufu wa akili! Social healthcare
   Meat!ğŸ¥º,    Eeeee.... Amkule
   Hii ndio kupenda mlima? Pengine Got Alila Hills ma fren. ,"   Better than editing videos and photos, ur busy on other people's rallies with cameras and still doing nothing"
" a lady asks-""wewe ni wa azimio""?  A gentleman responds-""Mimi naweza kuwa mtu wa azimio kweli?"". The ladyâ€¦ ",  ğŸ¤£ğŸ¤£ğŸ¤£ #RailaTheBetrayer t-shirts and â€œtialala tibimâ€ nonsense canâ€™t sell in Mt Kenya - they should stop lying to Baba... #UhuruTheBetrayer we hate you for the same reasons we hate Baba... BETRAYAL 
 Alafu wako na T-shirt na kofia za jubilee.ğŸ˜‚ğŸ˜‚,  ğŸ¤£ğŸ¤£ğŸ¤£ 
  Similar difference ni ati ya kirinyaga was announced only a day before in social mediaâ€¦ ,  Difference is you are a fool. Grow up in Twitter.  This conversation is beyond your understanding and intelligence. Tafuta Takataka minions ucheze nao
  Good. But what is 56? Please enlighten us.,"  56 is the number of years the world has Tanga Tangaed with me alive around the sun. 56Ã—365Ã— 24= 490,560 hours. Want to know the number of heartbeats? 499560Ã—60Ã—72=2119219200 heartbeats in my lifetime. Na sijifanywa heart transplant. Donate blood, save a life. Pews soda."
  Wabasema eti wakikuyu sasa wametengwo,  That's what they wish for lakini ng'oo
"  Today, 80% of kenyans know where they will vote....","  I agree, would actually put the figure at 90% but positions such as Women Rep, Senator and MCA are usually uncertain until the party decides on it's candidate. For instance, if ODM decides to give the Women Rep ticket to someone else then Passaris would be in trouble."
        ,"             Its tactical, as   can attest"
"   Haha.  But when mzee attracts half the crowd in rutos nakuru rally, youâ€¦ ",   Nakuru is a city where all communities live don't be cheated Sugoi master has alot of influence there you will be shocked.
   I think he has.... isn't political parties bill meant to aid Raila's match to state house?,   It is meant to aid everyone in the political arena. Raila and even Ruto and Mudavadi. UDA themselves have been saying Raila can't be trusted with coalitions and this bill will help deal with that. I don't even know why they are against it. They should be happy
 my registered airtel line has no network... what's the problem?, Hi  Kindly DM your number for checks. ^Jamo
Who is the best trade unionist Kenya has ever had?ğŸ”„ Tom Mboyaâ™¥ï¸ Francis Atwoli #BoycottAtwoli ," Brother Francis, leave mudavadi alone"
Hivi mkianzisha mahusiano lengo kubwa huwaga ni nini...?ğŸ˜Š, Utelezi  akinoga saana ndoa kukuzalia
"Mason Greenwood agelazimisha hii kitu, angetafuta mali ingine ; Big lessons for men ; ALWAYS HAVE A BACK UP  ", 
"Mudavadi and Weta have the right to choose whom to associate themselves with, siasa za kupangwa zinafika mwisho hivâ€¦ "," #REJECT_RUTOWe cant allow a renown land grabber, Taxpayers funds looter to be our CEO.Arror and Kimwarer is rotting in cold water."
Tuko imara na #MusaliaNaRuto pamoja tujenge uchumi wetu , Embu pitia pinned tweet yangu ucheke ğŸ˜‚
Ni biashara gani ambayo mtaji wake ni mdogo lakini ina faida kubwa...?ğŸ‘‡, pitia pinned tweet yangu Fb hii  account  imezingua ğŸ˜ª
The sooner they realize that #HaslaNaMDVD is the way to go the better. We need leaders who have the needs of Kenyanâ€¦ , All we need is a leader who can initiate development.#HaslaNaMDVD
The sooner they realize that #HaslaNaMDVD is the way to go the better. We need leaders who have the needs of Kenyanâ€¦ , We definitely need to support them. #HaslaNaMDVD mean good to Kenyans. 
The sooner they realize that #HaslaNaMDVD is the way to go the better. We need leaders who have the needs of Kenyanâ€¦ , The leader's who love Kenyans are with #HaslaNaMDVD this is the only duo that has good intentions for all Kenyans 
The sooner they realize that #HaslaNaMDVD is the way to go the better. We need leaders who have the needs of Kenyanâ€¦ , They understands what Kenyans need and what is good for them #HaslaNaMDVD
The sooner they realize that #HaslaNaMDVD is the way to go the better. We need leaders who have the needs of Kenyanâ€¦ , #HaslaNaMDVD  Â new organisation will uphold democracy and the wish of Kenyans
The sooner they realize that #HaslaNaMDVD is the way to go the better. We need leaders who have the needs of Kenyanâ€¦ , #HaslaNaMDVD they will bring change in the country and make sure source economy is strong enough
A revised economy is what Kenya needs. #MusaliaNaRuto ,  Fuel price hike had an enabler 
"To those calling  names, did you know that one day Uhuru and Raila will call each other brotherâ€¦ ",  
Peace loving Kenyans will choose the leadership of #MusaliaNaRuto ,  promotes unity and cohesion among Kenyans Andis ready to work with anyone with the same ideals.#MusaliaNaRuto
"To those calling  names, did you know that one day Uhuru and Raila will call each other brotherâ€¦ ","  This clearly shows how different leaders can work well for our country , #MusaliaNaRuto is the real deal"
"To those calling  names, did you know that one day Uhuru and Raila will call each other brotherâ€¦ ",  #MusaliaNaRuto Will bring good Governance and Accountablity we want as a country
"To those calling  names, did you know that one day Uhuru and Raila will call each other brotherâ€¦ ",  Kenyans are decided its #MusaliaNaRutoThe rest they can keep to themselves
"To those calling  names, did you know that one day Uhuru and Raila will call each other brotherâ€¦ ",  The politics of calling each other names should end already. #MusaliaNaRuto 
"To those calling  names, did you know that one day Uhuru and Raila will call each other brotherâ€¦ ",  Let Musalia be he is on The best side #MusaliaNaRuto 
"To those calling  names, did you know that one day Uhuru and Raila will call each other brotherâ€¦ ",  Raila Joined the government without consulting Mudavadi and Wetangula.#MusaliaNaRuto
"To those calling  names, did you know that one day Uhuru and Raila will call each other brotherâ€¦ ",  In politics there's no enemies. At one point we can work together. #MusaliaNaRuto 
"To those calling  names, did you know that one day Uhuru and Raila will call each other brotherâ€¦ ",  #MusaliaNaRuto is a great duo for our next leadership and will prosper for the betterment of our country
"Project Odinga is overrated for nothing. Mudavadi oversaw the privatisation of local State corporations, won back dâ€¦ ", The magnificent duos #MusaliaNaRuto
"Project Odinga is overrated for nothing. Mudavadi oversaw the privatisation of local State corporations, won back dâ€¦ ", #MusaliaNaRuto the man on the stands viva Kenya viva leadership
"Project Odinga is overrated for nothing. Mudavadi oversaw the privatisation of local State corporations, won back dâ€¦ ", #MusaliaNaRuto are forming govt come August.lets get armed for it.
"Project Odinga is overrated for nothing. Mudavadi oversaw the privatisation of local State corporations, won back dâ€¦ ", Time has come we should support leaders who will create vibrant Economy to create jobs#MusaliaNaRuto
"Project Odinga is overrated for nothing. Mudavadi oversaw the privatisation of local State corporations, won back dâ€¦ ", The winning team #MusaliaNaRutoTime for the best in leadership of the nation
"Project Odinga is overrated for nothing. Mudavadi oversaw the privatisation of local State corporations, won back dâ€¦ ", Project Raila about to fall Kenyans know who to trust its #MusaliaNaRuto 
"Project Odinga is overrated for nothing. Mudavadi oversaw the privatisation of local State corporations, won back dâ€¦ ", #MusaliaNaRuto the ideal people for the job
"Project Odinga is overrated for nothing. Mudavadi oversaw the privatisation of local State corporations, won back dâ€¦ ", We believe that they will be able to transform this country #MusaliaNaRuto
"Project Odinga is overrated for nothing. Mudavadi oversaw the privatisation of local State corporations, won back dâ€¦ ", This is the best coalition for the kenyan economy. #MusaliaNaRuto
"Project Odinga is overrated for nothing. Mudavadi oversaw the privatisation of local State corporations, won back dâ€¦ ", Les embrace the best leadership in our country.#MusaliaNaRuto
"Project Odinga is overrated for nothing. Mudavadi oversaw the privatisation of local State corporations, won back dâ€¦ ", This is the right duo to lead our country.#MusaliaNaRuto
Mount Kenya Billionaires know what they want Raila to do for them if they plant him as president. Protect their queâ€¦ ," You simply a recycling plant for this same narrative. Every democracy in the world knows elections world over must be won with policies and millionaires world over support different parties. Just grow up,read &amp; travel."
Raila is good at making Kikuyus better than his own luo people. Today he wants to create a position for Uhuru ğŸ˜‚ğŸ˜‚he'â€¦ , That's a lie coated with hatred because staircase was made to break the fall. Our President has said leadership must be given to other communities other than first 2 who have ruled Kenya since independence. Remove that spec in your eye Ruto offers nothing except thieving.
"Mudavadi and Wetang'ula are fighting to consolidate the region behind a single candidate. But Raila, through Oparanâ€¦ ", How is  who has only 1 MP left with him fighting to unite Luhyas? He is a necked man. His other bearded sister  is busy seeking for what to put in his big stomach. They are only looking after their stomaches and personal interests.Luhya behind Baba!!
"Citizen TV viewers have said enough is enough of the bias and lies peddler. It was a slip of the keyboard, just undâ€¦ ",  Anza yako
He delivered as -:Minister of CommunicationMinister of MarketingMinister of AgricultureMinister of Local governâ€¦ , I know you BOLD let this Presidency come to western Kenya . Other tribes too are able
"Have you noted politicians joining Kenya Kwanza nation are vocal, active, and happy. Eg Governor Waiguru and Mudavaâ€¦ ", It's the opposite my guy
He delivered as -:Minister of CommunicationMinister of MarketingMinister of AgricultureMinister of Local governâ€¦ ,  His undoing is absence of support.
It seems Moses Kuria is not mincing words for Raila's Azimio. Will azimio be a failed project? #HaslaNaMDVD ,  What is wrong if it fails? Everything is destined to succeed or fail.
"Citizen TV viewers have said enough is enough of the bias and lies peddler. It was a slip of the keyboard, just undâ€¦ ", Go watch Nyota tv it airs ANC events
Mount Kenya Billionaires know what they want Raila to do for them if they plant him as president. Protect their queâ€¦ , Master piece ğŸ’¯ğŸ’¯
"Edwin Sifuna is evidently bitter about ANC and Ford-Kenya,UDA merger.Again,you can't dictate over right minds.ODM aâ€¦ "," Regardless of how much you hate ODM and Azimio you can't prove UDAku and the two bearded sisters who married Ruto are better by saying Sifuna is bitter with them. You can't justify you are love because ""Sifuna is bitter"" with them. ""Sifuna's bitterness"" is not a quantifier."
When was the last time you heard Raila condemning wrong doings in the government??? This man has already shown us hâ€¦ ,"  A New NGO has opened up and it's really Dominating the Country.BYL Organization is Looking for individuals who are in need of an extra income by Working Online  and earn between 4800-9600ksh Daily.For more info kindly Whatsapp us via 0731352997 with the word ""OPPORTUNITY 2022""."
#HaslaNaMDVD is a big force that can't be ignored.... that's why Azimio of looters feel threatened ,"  A New NGO has opened up and it's really Dominating the Country.BYL Organization is Looking for individuals who are in need of an extra income by Working Online  and earn between 4800-9600ksh Daily.For more info kindly Whatsapp us via 0731352997 with the word ""OPPORTUNITY 2022""."
Economic development will need like minded people to come together and make sober decisions we trust #HaslaNaMDVD wâ€¦ , The fact is that developments is what all Kenyans need currently and this is achievable  #HaslaNaMDVD
Economic development will need like minded people to come together and make sober decisions we trust #HaslaNaMDVD wâ€¦ , #HaslaNaMDVD will bring economic liberation in our country.These are the best leaders
Economic development will need like minded people to come together and make sober decisions we trust #HaslaNaMDVD wâ€¦ , And we need the perfect leaders who will work to make this a possibility #HaslaNaMDVD 
Economic development will need like minded people to come together and make sober decisions we trust #HaslaNaMDVD wâ€¦ , #HaslaNaMDVD have decided to work together for the betterment of our economy
Economic development will need like minded people to come together and make sober decisions we trust #HaslaNaMDVD wâ€¦ , #HaslaNaMDVD have been addressed issues to do with the current situation of our economy and how we can change things.
Economic development will need like minded people to come together and make sober decisions we trust #HaslaNaMDVD wâ€¦ , #HaslaNaMDVD will bring more developments in our country
Economic development will need like minded people to come together and make sober decisions we trust #HaslaNaMDVD wâ€¦ , Economic development  will be created when we decide  to vote for #HaslaNaMDVD
Economic development will need like minded people to come together and make sober decisions we trust #HaslaNaMDVD wâ€¦ , #HaslaNaMDVD is the solution to our ailing Economy. 
 ,  Can we follow each other?
 ,   ifb
 ,  Fb
 ,  Please retweet my pinned tweet ğŸ™
 A New NGO has opened up and it's really Dominating the Country.BYL Organization is Looking for individâ€¦ ," A New NGO has opened up and it's really Dominating the Country.BYL Organization is Looking for individuals who are in need of an extra income by Working Online  and earn between 4800-9600ksh Daily.For more info kindly Whatsapp us via 0791423405 with the word ""OPPORTUNITY 2022""."
 A New NGO has opened up and it's really Dominating the Country .BYL Organization is Looking for indivâ€¦ ," A New NGO has opened up and it's really Dominating the Country .BYL Organization is Looking for individuals who are in need of an extra income by Working Online  and earn between 4800-9600ksh Daily.For more info kindly Whatsapp us via 0731352997 with the word ""OPPORTUNITY 2022""."
Senegal are playing Guinea tonight and this match has the best odds that you need to check at  needâ€¦ ,  ğŸ’¯ğŸ’¯
Senegal are playing Guinea tonight and this match has the best odds that you need to check at  needâ€¦ ,  ğŸ”¥ğŸ”¥
#BettingWithCrypto Day 2 of Afcon quarters is here and you need to bet on your best teams today.Rememberâ€¦ ,  ğŸ”¥ğŸ’¯
#BettingWithCrypto Day 2 of Afcon quarters is here and you need to bet on your best teams today.Rememberâ€¦ ,  ğŸ‘ŒğŸ‘Œ
"Their partnership means a lot to the people of this country,competent leaders who will make sure this country has dâ€¦ ", The nation shall be in safe hands here This is great #MusaliaNaRuto
"Their partnership means a lot to the people of this country,competent leaders who will make sure this country has dâ€¦ ", They are the best combination Kenya first #MusaliaNaRuto
"Their partnership means a lot to the people of this country,competent leaders who will make sure this country has dâ€¦ ", #MusaliaNaRuto the people we are taking them to state house.
"Their partnership means a lot to the people of this country,competent leaders who will make sure this country has dâ€¦ ", Choice has consequences and let's make it right #MusaliaNaRuto
"Their partnership means a lot to the people of this country,competent leaders who will make sure this country has dâ€¦ ", Let's give our priorities to the real workers #MusaliaNaRuto
"Their partnership means a lot to the people of this country,competent leaders who will make sure this country has dâ€¦ ", This time it's #MusaliaNaRuto and no one else. 
"Their partnership means a lot to the people of this country,competent leaders who will make sure this country has dâ€¦ ", We must support them for being ready to serve kenyans. #MusaliaNaRuto 
"They have promised to revive the economy for us, the least we can do is give them a chance to do it#MusaliaNaRuto ", Two seconds guy 
"We know Raila is a state project..... the big question is, with whose money are they facilitating him.... we are poâ€¦ ","  So because Raila is a state project,we should elect a corrupt one.Are we solving the problem.Let us elect someone new,we have other options."
They should stop hating on  and weta fir making a bold choice and saying no to being used as a stepâ€¦ ,   Where they went they will not be used?
"Kenya kwanza simply means the people come first, these leaders are in those positions because of us. To serve us, nâ€¦ ","  A New NGO has opened up and it's really Dominating the Country.BYL Organization is Looking for individuals who are in need of an extra income by Working Online  and earn between 4800-9600ksh Daily.For more info kindly Whatsapp us via 0731352997 with the word ""OPPORTUNITY 2022""."
"We know Raila is a state project..... the big question is, with whose money are they facilitating him.... we are poâ€¦ ",  only God can save us
We shoukd support the leadership of Governor Richard for he has better plans for county 047... He is visionary andâ€¦ , Kemsa... covid millionaires
Comrades and youths have decided to stand firm with Governor Richard to ensure he transforms Nairobi into the bestâ€¦ , Kwanza arudishe pesa ya covid- kemsa
The only thing he uses to woo the public is seeking sympathy yet all he dose is betray anyone who helps him....bureâ€¦ , as the general  usually says Azimio la utapeliğŸ˜‚
#AzimioOfLooters are now panicking and insulting  to divert attention na tunawajua. They have nothiâ€¦ ,  Hawa wote ni walevi ğŸ˜‚ğŸ˜‚ğŸ˜‚ğŸ˜‚
These two powerful leaders are sober minded and know what needs to be done to improve the countryâ€™s economic situatâ€¦ , What do they know? Please tell us your fellow Kenyans. Hii ni nini Musalia na Dp wanajua that hawajajua all this time. How will they achieve hiyo uchumi bora?
"So does Ruto...they both want the same thing, improving the lives of a common mwananchi. Supporting their ideologieâ€¦ ",You can't make someone look bad for choosing to work with someone you don't like..... Azimio la umoja members should just chill and give us a tangible reason we should see them fit for the government instead of turning people against focused partnerships #MsituchagulieMarafiki
